ABUK,c60af35d-d1d8-4582-9837-63302ba921fb
ACAP,aae40e4c-3e6d-4036-b3fe-eab4076e2c82
AJWA,6d044588-6c73-4d9c-a9d1-3a49404fd2f6
ALCN,393b5551-42de-44a0-8f7e-de35fbe7a5de
AMER,a0da702c-a24d-400c-b21f-9800c6e9a901
AMOC,44b25697-8a1c-49f4-b7df-68ac8e0e629f
ARAB,beb281e5-763a-4aa5-beff-6509f4904c9a
ARCC,58338a21-6a90-482f-a6b0-0f7fb3ee8a6a
ASCM,81348a65-0d7a-457b-acc2-eecf7342dc9d
ATQA,c83d268c-c9cb-458b-ac5b-c10c69b9ccf7
CCAP,a01d3e4c-6955-4b6c-888f-4e7373d5dce2
CLHO,3d043604-016a-4ba2-8615-d2906e43e73b
BIOC,62512b9c-6bd3-4d0f-bdbb-52ae6e7f2859
CSAG,88f5fee0-3224-49f3-8e63-74be42b40b14
DOMT,78d14ce4-8f78-43be-aaf3-1e44cef061d5
ECAP,cf2d65af-12e1-468d-a946-8e85c666893b
EFID,430d3966-703e-4839-acb7-027bdcd37a0c
EGAL,905e85ac-c73c-4c8d-a945-d3004a02932b
EGCH,98f4fcdf-7d19-4a4b-8519-9d99dbb4be5b
EHDR,3d09d809-50ab-4539-bc34-7ef2a273e201
ELEC,cc10f876-affb-4d68-8349-2cf62312062d
EMFD,7e055f68-bec7-4624-9564-02777716a08e
ENGC,0bed6b0b-cee6-4bc6-9ca0-dd62d3873a96
EPCO,601a6aa7-2d39-477a-b324-02a329858362
ETRS,574c6ce9-5883-4a17-9109-0045e0399329
FWRY,8deaa69a-bffe-4c5a-99e6-2ba172ccaa2f
CRST,7042a3a2-cb2e-4143-8213-e2b3b63cf404
GBCO,bcf2c825-696a-49a2-bd8c-bc8f2e6830ec
GDWA,4b236e59-fe8f-4e92-bf27-a06d9ff0d580
HELI,06dc5785-43ff-49f0-bcdc-97f89f55917d
IFAP,1f05d512-25bd-4dfb-819e-da92f97e947f
ISMA,8e34cb8a-9732-4f9f-968e-cd2b38a0950f
ISMQ,4bd6861b-b0d0-4e4b-a04b-72665b8dd2a9
ISPH,309dbc51-20e2-426a-b0fc-2d0cf36d8abc
KZPC,33d11474-f8ae-4048-9447-0860bd69fa31
LCSW,4fba8d4c-bd64-4e06-9c87-45ab0b749b88
MASR,6500a04b-041e-4bb3-bff8-dbbf78178440
MFPC,da294eaa-5282-430f-b6be-8d85a907f878
MOED,94f44109-3025-41bc-8427-1dd814eb314b
MPRC,1a0ce34b-017a-4a10-b8d2-85f36977d133
NCCW,257e7097-757d-43a5-b84e-32d678ec3dd3
NEDA,32a1d595-c648-459e-829c-4c3359ada7cb
OBRI,51bca4cb-9f3d-4a86-9aee-791b15e01ec1
OCDI,c7a0594a-bfc7-4a0d-ad32-e40d5fced277
OLFI,5f4ebe3a-dd15-433d-9617-8bd3efe77b4c
ORAS,9f726855-e875-4479-aee5-48487972496e
ORWE,42e1e890-ee93-415e-8102-96f45f68b1c0
PHAR,bd8632e3-6625-443c-bf70-6f8e9a9060e5
PHDC,20187d98-39f9-4be0-8e03-ef104dd858e0
RAYA,a6921595-902b-4b36-96ce-3a7f718265d4
RMDA,d5540116-07b3-4230-ad23-669a3b390c70
RREI,ca2c9a5b-cd59-4829-ad74-4a0b28cedc3f
SNFC,c87cd97b-0f63-4334-9f8e-bd3945a7f5ac
SUGR,46c3b570-3188-4638-bd2d-f6ba9c6cc84b
SPMD,62e5c634-c148-4992-95e6-26ad5c371ff5
SWDY,a3fa1cbc-2c44-4f36-b20b-47070a83d529
TALM,da188856-c4bc-464b-995b-6ef8ead6673c
TANM,7841c651-09f2-4bac-8268-0776b7022df0
TGMH,0bc56676-9909-40da-9448-3f151331780e
TAQA,4d472441-9aaf-430b-b09d-30687da21fe7
ZMID,b948136e-5789-430c-8872-e9df66b021b0
JUFO,e11062f0-6eab-4e53-9338-01af4843edfb
MICH,5f24f21c-4b35-4d64-9683-bfbf65142ddd
ALUM,41005c31-6f82-4524-953a-0318cc8ebcfe
DAPH,96e3365b-038a-4469-8443-0b30d516387d
GGCC,162ec400-738a-44e7-a860-bd4a8dfadec1
PRCL,306d8479-a44d-46bc-b8b6-9fa3723b28f7
ODIN,139ea77d-09b1-4ae8-8eed-5481bbe64060